{
  "project_info": {
    "project_number": "540150078917",
    "project_id": "flatly-bis",
    "storage_bucket": "flatly-bis.firebasestorage.app"
  },
  "client": [
    {
      "client_info": {
        "mobilesdk_app_id": "1:540150078917:android:b28a1c5b48715cf219ffac",
        "android_client_info": {
          "package_name": "com.example.flatly_bis"
        }
      },
      "oauth_client": [],
      "api_key": [
        {
          "current_key": "AIzaSyATb26SbIS3ZrZ9dcwYaowd5mvsFUox_Z0"
        }
      ],
      "services": {
        "appinvite_service": {
          "other_platform_oauth_client": []
        }
      }
    }
  ],
  "configuration_version": "1"
}